No;OBJECTID;X;Y;Name;CodeELSTAT;PopM01;PopF01;PopTot01;UnemrM01;UnemrF01;UnemrT01;PrSect01;Foreig01;Income01
0;1;616259.0078;4551127.241;KOMOTINIS;101;29967;31534;61501;4.726948;6.051873;5.221281;21.817852;1.99678;10969.31526
1;2;644783.1356;4561364.036;ARRIANON;102;8952;9307;18259;1.955813;2.390181;2.15424;92.912436;0.038337;6398.641486
2;3;602100.9505;4555689.138;IASMOU;103;7290;7561;14851;5.653884;6.671554;6.06239;70.206767;1.339977;6608.897469
3;4;633712.4684;4539548.49;MARONEIAS - SAPON;104;8284;8342;16626;5.840957;10.270499;7.421934;57.748085;0.890172;6700.375345
4;5;517831.1952;4572544.478;DRAMAS;201;28041;29326;57367;8.831689;14.176926;10.851115;7.298838;2.961633;11299.1065
5;6;520765.0183;4546140.726;DOXATOU;202;8325;8558;16883;10.096783;15.859449;12.1437;28.412363;2.552864;8113.734335
6;7;493796.6141;4579728.783;KATO NEVROKOPIOU;203;3634;3655;7289;9.868008;11.830635;10.526316;49.159664;2.688983;7540.976656
7;8;539592.2192;4576418.248;PARANESTIOU;204;2559;2555;5114;6.350711;8.282828;6.967742;42.787795;2.463825;8254.78138
8;9;494941.0509;4558948.898;PROSOTSANIS;205;7624;7907;15531;10.036946;9.69697;9.922417;37.692656;1.326379;7677.032664
9;10;666407.9782;4532034.456;ALEXANDROUPOLIS;301;33760;32365;66125;3.570977;4.806968;4.028502;13.235721;1.663541;12802.25257
10;11;699654.5472;4586081.779;DIDYMOTEICHOU;302;13014;10366;23380;4.340932;2.622705;3.746435;37.69697;0.598828;8636.939034
11;12;695504.8684;4606754.219;ORESTIADAS;303;20585;18790;39375;3.364486;4.21262;3.685218;38.823028;0.739066;9259.577454
12;13;634234.5661;4479074.076;SAMOTHRAKIS;304;1519;1193;2712;2.662722;2.857143;2.719665;44.731183;1.991885;8854.808951
13;14;680650.4488;4561751.045;SOUFLIOU;305;9285;8406;17691;6.191559;3.195489;5.143796;44.698545;0.695308;8843.261472
14;15;555039.3646;4503748.792;THASOU;401;6715;6736;13451;11.03057;18.378378;13.36772;22.823121;8.088618;8780.451519
15;16;533790.2989;4539849.781;KAVALAS;501;35725;38461;74186;6.205559;10.405693;7.838207;5.374961;4.665301;12089.54695
16;17;553463.068;4542221.518;NESTOU;502;11067;11151;22218;3.306667;4.466581;3.719812;37.303852;4.091277;8888.786526
17;18;511000.6091;4521960.734;PAGGAIOU;503;16059;15585;31644;3.948212;5.948046;4.639262;38.083927;6.225509;8481.42276
18;19;564081.5156;4561913.781;XANTHIS;601;28435;27948;56383;7.073189;12.314225;9.030693;6.445493;2.284376;11165.63211
19;20;583278.6024;4543942.096;AVDIRON;602;9065;9197;18262;7.19332;12.551781;9.019054;40.009308;1.664659;10893.7626
20;21;580377.6223;4570927.151;MYKIS;603;7856;8235;16091;6.741294;5.247567;6.188313;62.992652;0.062147;6619.932397
21;22;567936.8135;4540439.215;TOPEIROU;604;6213;6010;12223;4.612655;7.574153;5.673624;58.076846;1.317189;6502.769207
22;23;411331.9399;4497210.237;THESSALONIKIS;701;185771;211385;397156;5.402357;7.615427;6.336333;0.834415;7.200951;13388.72461
23;24;406156.7494;4500931.098;AMPELOKIPON - MENEMENIS;702;28255;29894;58149;6.78607;11.185607;8.424908;1.159091;5.934958;10295.34887
24;25;456817.6736;4504633.38;VOLVIS;703;12475;11979;24454;3.280525;4.666667;3.714694;34.664993;8.65707;8698.950125
25;26;393727.7869;4497183.376;DELTA;704;20454;19752;40206;6.001081;8.960898;6.984719;20.658431;7.347162;10747.37596
26;27;408649.0537;4476297.127;THERMAIKOU;705;18615;18511;37126;5.305874;8.397631;6.422553;12.182284;9.349243;12023.81937
27;28;421910.0481;4482180.694;THERMIS;706;17430;17006;34436;3.686636;6.300243;4.653253;12.871646;6.90266;13924.64678
28;29;411591.3485;4492223.766;KALAMARIAS;707;42953;47143;90096;4.652608;6.980967;5.61862;1.480707;2.722651;14271.7255
29;30;407183.8997;4503105.539;KORDELIOU - EVOSMOU;708;38148;39026;77174;6.031866;11.602793;8.085858;1.218122;4.815093;11223.7544
30;31;432839.3761;4513918.026;LAGKADA;709;19824;19336;39160;3.569243;7.82504;5.003381;25.957295;4.382022;8828.002975
31;32;413237.7664;4500333.972;NEAPOLIS - SYKEON;710;43384;45890;89274;5.913028;9.228338;7.19091;0.847579;6.62604;11302.21566
32;33;411409.9585;4503704.985;PAVLOU MELA;711;43250;44337;87587;6.366734;11.726242;8.363331;1.154857;4.978021;10877.61932
33;34;419991.7086;4496150.027;PYLAIAS - CHORTIATI;712;24579;25343;49922;4.08743;7.622526;5.505411;1.590318;4.493009;16570.16322
34;35;386412.0358;4510880.105;CHALKIDONOS;713;17419;16880;34299;4.711412;7.854008;5.720858;25.421061;6.040992;9257.263138
35;36;407624.9214;4512600.709;ORAIOKASTROU;714;12768;12194;24962;4.066489;8.39822;5.573834;9.59213;6.001122;14228.96901
36;37;346322.6825;4482415.229;VEROIAS;801;32092;33438;65530;5.415737;7.432783;6.182881;20.292905;3.314757;9969.430572
37;38;369805.5917;4494577.006;ALEXANDREIAS;802;21535;21242;42777;4.925752;6.923077;5.586524;43.03042;3.628457;9367.845149
38;39;335198.0106;4499546.921;NAOUSAS;803;16981;17183;34164;7.521429;9.782178;8.377709;30.067125;2.637279;9065.74985
39;40;407483.3785;4543639.282;KILKIS;901;27730;27020;54750;7.959249;12.578881;9.631886;20.39555;4.023818;9872.956088
40;41;374820.3888;4539620.361;PAIONIAS;902;16572;15102;31674;6.409574;10.758247;7.934726;31.595236;3.725453;8615.250773
41;42;325153.234;4518130.248;EDESSAS;1001;14583;14985;29568;5.536079;6.87004;6.03052;29.397378;3.013393;10328.83057
42;43;338365.7319;4542061.678;ALMOPIAS;1002;14448;14374;28822;3.414343;3.620026;3.489908;56.606724;2.303796;7842.985808
43;44;362969.3523;4517380.853;PELLAS;1003;32845;32002;64847;4.179576;5.234928;4.551818;42.931896;5.799806;8963.729293
44;45;345429.3072;4518738.063;SKYDRAS;1004;10380;10340;20720;4.911374;5.445227;5.106582;52.172303;5.183398;7700.217079
45;46;361513.8507;4459643.226;KATERINIS;1101;41104;42283;83387;5.571877;7.420495;6.279391;24.652368;4.472027;9404.901993
46;47;370512.4662;4440504.41;DIOU - OLYMPOU;1102;13438;12434;25872;3.367108;4.96592;3.885847;40.024104;5.276178;9307.385836
47;48;373893.635;4477864.546;PYDNAS - KOLINDROU;1103;8591;8562;17153;2.519011;4.066463;3.063895;48.856417;6.780155;7992.93997
48;49;461644.3669;4553002.36;SERRON;1201;37354;39118;76472;6.781022;9.113366;7.700063;15.660427;1.907888;8838.624722
49;50;495104.3158;4528006.08;AMFIPOLIS;1202;5846;6014;11860;6.461149;8.669202;7.249525;47.0726;2.344013;7009.9788
50;51;463350.695;4526707.197;VISALTIAS;1203;11605;11553;23158;5.41744;8.338369;6.528736;58.607969;3.03135;7945.20396
51;52;473064.0439;4544445.808;EMMANOUIL PAPPA;1204;9728;9325;19053;3.553187;4.166667;3.767865;47.674767;1.753005;7103.904861
52;53;440293.8703;4552489.761;IRAKLEIAS;1205;11300;11395;22695;5.220646;6.205971;5.585205;54.581307;1.10597;7702.959498
53;54;488312.5038;4540833.423;NEAS ZICHNIS;1206;6826;6987;13813;4.864512;6.276151;5.407035;57.756056;2.765511;7219.935905
54;55;438558.375;4570091.918;SINTIKIS;1207;13702;13730;27432;6.174161;7.086871;6.496654;38.775762;1.760782;7986.308061
55;56;451435.7366;4472526.685;POLYGYROU;1301;10959;10972;21931;3.409894;5.874409;4.256553;33.918837;6.657243;9985.949665
56;57;476424.0569;4481138.308;ARISTOTELI;1302;8910;8842;17752;7.029369;9.62963;7.758919;19.057454;3.610861;9949.272583
57;58;455782.9529;4429117.614;KASSANDRAS;1303;7771;7200;14971;6.051109;15.119048;8.665065;15.64907;18.517776;9232.707133
58;59;432385.8529;4462870.807;NEAS PROPONTIDAS;1304;15368;15029;30397;3.899926;5.895467;4.560742;27.202407;8.846268;9842.416491
59;60;485197.5132;4441737.278;SITHONIAS;1305;6004;5794;11798;11.93038;15.946349;13.127499;31.296344;6.229869;8227.782136
60;61;315823.8205;4464448.984;KOZANIS;1401;35208;35012;70220;7.692308;6.080254;7.167602;9.428216;2.352673;12772.15574
61;62;275708.35;4462437.82;VOIOU;1402;10147;10283;20430;15.130324;13.257919;14.533122;28.368794;3.024963;8226.640394
62;63;306542.5944;4487987.89;EORDAIAS;1403;23247;23308;46555;5.139348;6.011173;5.398406;6.843546;2.034241;13043.96637
63;64;327429.9342;4447105.137;SERVION - VELVENTOU;1404;8395;8339;16734;10.29525;5.161692;8.795203;30.543933;2.228995;8733.883025
64;65;274992.5862;4435876.864;GREVENON;1501;12808;12714;25522;5.477223;4.163891;5.015233;27.572169;2.966533;9237.032366
65;66;305934.7605;4422733.935;DESKATIS;1502;3537;3508;7045;5.410448;2.575588;4.398241;53.617733;2.285309;8891.511834
66;67;267551.3563;4493552.753;KASTORIAS;1601;18818;18276;37094;14.042372;18.954635;15.764364;17.261758;3.927859;9911.50949
67;68;242745.0598;4472831.897;NESTORIOU;1602;1759;1370;3129;13.16568;30.604982;18.286311;37.212276;6.263982;7677.617968
68;69;268376.8915;4476954.893;ORESTIDOS;1603;6936;6543;13479;14.939394;19.954777;16.689682;23.277291;4.065584;8545.609766
69;70;287672.2298;4519491.008;FLORINAS;1701;16698;16890;33588;5.128205;5.214425;5.158126;21.718973;3.358342;11556.60835
70;71;299919.2117;4505123.511;AMYNTAIOU;1702;9601;8756;18357;5.878253;6.816869;6.147473;30.949859;3.845944;8947.602528
71;72;257082.6792;4515666.26;PRESPON;1703;1235;929;2164;6.042296;9.567901;7.200811;64.480874;14.74122;7037.584312
72;73;232600.1509;4392525.388;IOANNITON;1801;50043;53058;103101;5.078045;7.020603;5.829585;5.275029;4.739134;11747.25789
73;74;247093.9393;4381361.927;VOREION TZOUMERKON;1802;2174;2187;4361;4.698795;6.896552;5.308964;23.253676;0.963082;10024.73099
74;75;222163.9366;4373820.742;DODONIS;1803;5272;5210;10482;6.861804;8.876404;7.464694;29.723837;1.421484;10163.27257
75;76;233068.2561;4418997.163;ZAGORIOU;1804;2188;2160;4348;6.892779;9.656652;7.826087;41.352201;4.76081;7449.295834
76;77;211499.5041;4399004.59;ZITSAS;1805;7315;7608;14923;3.050044;2.686404;2.922515;25.292137;3.812906;9906.743471
77;78;229610.4032;4448349.951;KONITSAS;1806;3980;3668;7648;4.551122;4.258443;4.463895;28.17224;6.746862;8421.408087
78;79;254641.7779;4406324.734;METSOVOU;1807;3620;3557;7177;4.918033;8.814103;5.960549;24.122207;3.023547;8782.155674
79;80;201408.3028;4424443.73;POGONIOU;1808;4614;4373;8987;5.953097;5.220884;5.726141;36.839789;12.317792;7960.399667
80;81;235805.2859;4342319.289;ARTAION;1901;21844;22292;44136;3.684916;4.294369;3.897883;25.113386;2.945441;11396.16836
81;82;262373.308;4345164.506;GEORGIOU KARAISKAKI;1902;3595;3536;7131;6.178643;2.259887;5.148515;52.922756;0.617024;6108.573218
82;83;254509.3394;4362769.918;KENTRIKON TZOUMERKON;1903;3936;3926;7862;6.6171;5.418719;6.339235;24.695122;0.8522;7092.552025
83;84;244770.5965;4334916.453;NIKOLAOU SKOUFA;1904;7323;7168;14491;3.709902;3.312746;3.578084;48.589099;3.954178;11157.84655
84;85;185371.3779;4370813.657;IGOUMENITSAS;2001;12229;11901;24130;5.620343;8.822606;6.710119;18.9669;6.373809;11206.06168
85;86;201267.6873;4371756.292;SOULIOU;2002;5124;5255;10379;2.90652;2.623688;2.809278;38.636966;2.206378;8272.693788
86;87;186276.6364;4395787.708;FILIATON;2003;4590;4502;9092;4.013705;2.35546;3.49345;45.666551;8.534976;8712.479825
87;88;215148.7859;4337503.292;PREVEZAS;2101;15039;15098;30137;4.784303;5.893271;5.191048;23.579571;7.017951;11996.39812
88;89;227356.6502;4352695.627;ZIROU;2102;7607;7803;15410;5.226481;7.01107;5.798817;30.988275;4.023361;9436.025072
89;90;200427.7392;4351193.674;PARGAS;2103;6385;6212;12597;6.842924;8.877928;7.525326;48.379164;5.834723;7978.206235
90;91;356994.891;4386799.438;LARISAION;2201;71368;74613;145981;4.286593;6.538973;5.139822;7.244547;4.265624;11793.21224
91;92;392804.5145;4396006.158;AGIAS;2202;6578;6542;13120;2.945508;3.039899;2.975472;56.900124;4.862805;7415.7966
92;93;341887.0905;4423111.927;ELASSONAS;2203;17674;17684;35358;3.176681;2.507375;2.935138;53.68586;3.13649;7601.731706
93;94;372037.4741;4375404.231;KILELER;2204;11354;11365;22719;2.125997;2.175831;2.143295;55.736337;5.752894;8939.464373
94;95;375583.4188;4410975.943;TEMPON;2205;7809;7630;15439;1.873717;2.630166;2.118423;44.190172;5.376344;8129.73061
95;96;353888.8763;4403118.781;TYRNAVOU;2206;12948;12916;25864;3.311258;3.810119;3.471041;43.202073;7.524262;8242.186064
96;97;365141.8848;4351505.774;FARSALON;2207;12022;11653;23675;2.413203;1.992928;2.276065;56.198347;8.021119;8531.132636
97;98;317485.2222;4348717.705;KARDITSAS;2301;28139;28950;57089;4.887445;4.375595;4.704569;21.224781;1.918058;10535.62227
98;99;282999.8333;4352030.342;ARGITHEAS;2302;1263;1225;2488;7.101727;2.843602;5.874317;59.071118;0.321543;6048.887084
99;100;303815.8969;4352634.032;LIMNIS PLASTIRA;2303;2010;2012;4022;3.174603;2.484472;2.96846;34.608031;1.317752;6561.738552
100;101;303244.2873;4364241.095;MOUZAKIOU;2304;8062;8345;16407;4.096942;2.5;3.575593;49.516324;1.43841;7319.147599
101;102;334724.5939;4370966.897;PALAMA;2305;9218;9282;18500;2.871223;2.578397;2.759719;68.631464;2.762162;7079.01195
102;103;334613.726;4344556.121;SOFADON;2306;10775;10984;21759;5.00571;2.446043;4.11999;66.130079;2.70233;7714.695626
103;104;405783.6401;4356716.648;VOLOU;2401;69849;73074;142923;5.041257;8.467635;6.254473;6.68381;4.551465;11928.75648
104;105;391137.1639;4330186.279;ALMYROU;2402;10193;9946;20139;5.609902;8.252033;6.480118;38.639943;9.47912;8859.143656
105;106;422193.9146;4365181.879;ZAGORAS - MOURESIOU;2403;3336;3113;6449;3.255814;3.354978;3.290469;63.47282;5.473717;6748.683511
106;107;431496.0475;4342670.285;NOTIOU PILIOU;2404;5417;5328;10745;4.301471;5.036556;4.530499;48.806999;8.990228;7329.73737
107;108;397445.494;4365538.04;RIGA FERAIOU;2405;6059;5771;11830;3.065505;5.477308;3.769705;42.735043;4.345621;9705.812326
108;109;453041.0166;4335209.911;SKIATHOU;2501;3001;2787;5788;7.579618;12.312812;8.889912;6.319515;18.693849;10289.08329
109;110;499750.2865;4343700.339;ALONNISOU;2502;1285;1140;2425;3.565891;6.632653;4.280618;22.484472;17.443299;10429.89241
110;111;473140.407;4330834.262;SKOPELOU;2503;2369;2337;4706;8.098592;10.31941;8.684381;12.420156;10.773481;10073.25641
111;112;308575.168;4386748.36;TRIKKAION;2601;38958;39859;78817;6.144079;6.345433;6.216358;19.500245;2.803964;10269.97191
112;113;286804.2984;4400933.408;KALAMPAKAS;2602;11405;11448;22853;6.538171;5.407555;6.173946;39.303754;1.872839;8504.131187
113;114;279522.6601;4373006.265;PYLIS;2603;8018;7868;15886;6.486486;5.69152;6.238922;42.079395;1.611482;10106.06275
114;115;330655.132;4385416.141;FARKADONAS;2604;7475;7658;15133;3.699106;3.69863;3.698939;61.155645;2.312979;9863.021507
115;116;358193.1821;4302932.332;LAMIEON;2701;37764;37175;74939;3.982301;5.964948;4.671632;15.288577;5.886121;12371.65377
116;117;384549.0106;4277842.424;AMFIKLEIAS - ELATEIAS;2702;6513;6511;13024;2.613525;2.829099;2.691425;42.602916;10.641892;9387.335884
117;118;354910.3021;4329789.854;DOMOKOU;2703;6798;6401;13199;2.064812;1.285485;1.793052;68.01065;6.492916;7590.490634
118;119;420458.8889;4274565.216;LOKRON;2704;11595;10823;22418;2.871761;4.373392;3.33713;39.224697;9.309483;10698.17858
119;120;329870.8713;4309527.397;MAKRAKOMIS;2705;9068;8844;17912;1.735751;2.34957;1.926851;32.363107;5.264627;8754.512875
120;121;389547.0058;4290056.973;MOLOU - AGIOU KONSTANTINOU;2706;7150;6782;13932;4.555434;7.407407;5.46305;36.097368;14.233419;9073.853801
121;122;389618.7418;4312247.252;STYLIDOS;2707;7239;6879;14118;3.809524;5.962607;4.549401;44.260506;9.116022;9093.900799
122;123;398162.1877;4251822.826;LEVADEON;2801;16066;16085;32151;4.62728;7.715477;5.685698;16.864528;5.19424;11092.95138
123;124;420395.6408;4246046.475;ALIARTOU;2802;6012;5674;11686;7.126512;9.393064;7.832546;36.605617;10.037652;9580.809008
124;125;381163.0711;4257385.055;DISTOMOU - ARACHOVAS - ANTIKYRAS;2803;4989;4813;9802;4.216867;9.065934;5.629669;8.396947;9.498062;15628.57571
125;126;430349.5495;4239342.162;THIVAION;2804;18964;17122;36086;5.439206;7.843137;6.219839;24.949971;10.275453;10865.36926
126;127;421693.5428;4260550.723;ORCHOMENOU;2805;6594;6438;13032;4.541678;6.306788;5.144108;51.096154;6.852363;10835.45922
127;128;458828.5752;4234890.795;TANAGRAS;2806;12015;9141;21156;2.954793;5.635892;3.674933;25.041356;19.157686;11230.95668
128;129;461698.5394;4255616.504;CHALKIDEON;2901;46609;46200;92809;3.797363;6.089795;4.585775;7.864911;5.642833;13130.02066
129;130;475117.2975;4273465.589;DIRFYON - MESSAPION;2902;10031;9412;19443;3.549103;3.71179;3.600497;30.266171;5.997017;9594.79381
130;131;488888.4837;4255987.967;ERETRIAS;2903;6236;5982;12218;5.261394;8.92587;6.386438;12.056562;7.177934;10771.5825
131;132;426672.0888;4308466.122;ISTIAIAS - AIDIPSOU;2904;11006;11126;22132;4.906177;6.88019;5.559189;32.202216;4.161395;8926.201158
132;133;532549.5381;4216951.754;KARYSTOU;2905;6977;6625;13602;5.805687;9.370629;6.866417;32.841823;6.345588;9704.660134
133;134;506290.5169;4259610.614;KYMIS - ALIVERIOU;2906;15624;15093;30717;4.407135;6.916427;5.14449;16.761522;5.082042;11916.71561
134;135;449543.0401;4294906.473;MANTOUDIOU - LIMNIS - AGIAS ANNAS;2907;6940;6733;13673;15.992647;12.265758;14.869029;19.215686;1.499305;8762.927768
135;136;547533.2209;4301334.988;SKYROU;2908;1549;1162;2711;3.872752;10.041841;5.405405;17.692308;4.315751;11236.55934
136;137;306353.6946;4305264.773;KARPENISIOU;3001;6048;6280;12328;6.772761;6.7659;6.770335;15.550423;2.328034;11146.90101
137;138;290463.8088;4327590.106;AGRAFON;3002;3788;3402;7190;3.456221;3.265306;3.399433;51.948052;2.739917;7051.83592
138;139;359123.8113;4268379.67;DELFON;3101;13500;13492;26992;5.320513;7.630522;6.068487;14.317028;7.213248;11307.65866
139;140;334815.0237;4264910.711;DORIDOS;3102;5594;5280;10874;5.154639;9.550562;6.448413;26.758572;5.821225;8862.16138
140;141;142498.4242;4395933.782;KERKYRAS;3201;53006;55646;108652;10.313475;15.473552;12.317644;15.523418;8.276884;11126.87331
141;142;169499.5192;4345205.257;PAXON;3202;1258;1171;2429;5.092593;10.42471;6.615215;25.029516;12.927131;8981.63753
142;143;215856.1381;4186377.647;ZAKYNTHOU;3301;19878;19005;38883;7.791842;15.431436;10.41782;28.121995;13.219145;9988.949414
143;144;214395.4589;4255471.734;ITHAKIS;3401;1604;1608;3212;8.062419;6.666667;7.630162;21.865889;10.180573;10848.91339
144;145;200424.9307;4236065.251;KEFALONIAS;3501;17444;17100;34544;6.465733;11.396621;8.164604;16.531286;9.315655;10762.93698
145;146;210476.1753;4288271.635;LEVKADAS;3601;10541;10353;20894;3.270544;4.501358;3.698704;20.297168;6.868;11070.81183
146;147;218558.4469;4282452.952;MEGANISIOU;3602;488;506;994;4.109589;0;3.076923;29.62963;3.31992;8399.15
147;148;306893.7829;4231791.771;PATREON;3701;104429;106065;210494;7.613916;9.985632;8.493895;2.567481;5.301864;12699.73293
148;149;336868.1974;4224117.914;AIGIALEIAS;3702;27085;26500;53585;5.257072;6.934089;5.828548;26.769912;7.423719;10101.16535
149;150;282184.9414;4215825.527;DYTIKIS ACHAIAS;3703;15890;13718;29608;10.332525;12.752613;11.03574;41.800387;6.349635;8667.022944
150;151;303901.8209;4210591.994;ERYMANTHOU;3704;6003;5326;11329;9.064112;12.488522;10.044702;42.385267;1.315209;6722.157048
151;152;328520.3023;4202990.401;KALAVRYTON;3705;7311;6601;13912;5.396057;9.595559;6.671484;37.23871;2.717079;7753.584266
152;153;266219.8268;4255421.243;IERAS POLIS MESOLOGGIOU;3801;18180;17625;35805;4.350308;5.522352;4.729155;40.660232;4.130708;9101.784044
153;154;235198.0725;4301252.475;AKTIOU - VONITSAS;3802;9164;8708;17872;3.064624;3.804348;3.294009;52.281369;3.97829;7343.168771
154;155;278365.0256;4281061.112;AGRINIOU;3803;48334;48555;96889;4.812212;5.270864;4.965232;29.615408;2.318117;10180.43108
155;156;264641.3619;4315185.377;AMFILOCHIAS;3804;10411;10080;20491;2.842063;3.770739;3.109183;50.880597;2.357132;7407.616034
156;157;298995.7713;4274243.178;THERMOU;3805;3979;3858;7837;5.630355;8.108108;6.319046;40.04717;2.284037;7101.793614
157;158;310348.1177;4266799.276;NAFPAKTIAS;3806;13534;13306;26840;5.447209;7.208944;5.982206;16.361599;5.681818;10082.5818
158;159;248379.458;4278493.602;XIROMEROU;3807;6818;6540;13358;3.235561;3.648425;3.381548;67.8333;2.672556;7435.687056
159;160;278370.4522;4175934.555;PYRGOU;3901;25975;25659;51634;5.991046;7.74118;6.564108;26.050272;4.502847;10513.65213
160;161;275492.5793;4190283.039;ILIDAS;3902;18888;17387;36275;8.571111;10.936746;9.316298;32.053002;6.042729;9537.223848
161;162;264870.8948;4204570.69;ANDRAVIDAS - KYLLINIS;3903;12732;11936;24668;8.295294;8.518277;8.367845;44.060725;10.791309;8922.910571
162;163;303387.857;4157685.388;ANDRITSAINAS - KRESTENON;3904;10804;10335;21139;5.718702;7.521896;6.25966;43.198681;2.37487;7529.754975
163;164;299134.9998;4181415.591;ARCHAIAS OLYMPIAS;3905;8438;7993;16431;5.368361;6.80593;5.796229;41.260379;3.481225;7360.044866
164;165;298682.7547;4148675.919;ZACHAROS;3906;7159;6557;13716;7.839326;9.95935;8.525093;42.81265;7.771945;8561.815567
165;166;258544.1069;4194240.63;PINEIOU;3907;10089;9569;19658;9.102816;10.749646;9.623993;38.35232;6.597823;8745.057899
166;167;353668.3072;4155043.02;TRIPOLIS;4001;25282;23286;48568;4.029114;5.674653;4.612804;17.467761;5.205073;12663.68289
167;168;379857.1267;4134958.913;VOREIAS KYNOURIAS;4002;6017;5572;11589;4.468242;5.297474;4.726811;33.688984;3.115023;8687.94206
168;169;324094.7229;4171882.991;GORTYNIAS;4003;6546;5946;12492;3.73913;6.087937;4.392846;33.86938;1.953719;7934.747765
169;170;333032.4385;4136068.015;MEGALOPOLIS;4004;5709;5335;11044;4.730564;5.779154;5.029412;14.152989;4.128939;12944.74137
170;171;393588.7795;4110978.946;NOTIAS KYNOURIAS;4005;3946;3687;7633;4.605263;4.185022;4.465593;47.43295;3.104939;8672.125241
171;172;405232.6207;4161641.889;NAFPLIEON;4101;15957;15650;31607;4.18544;6.829;5.224525;30.265756;8.890436;11534.49906
172;173;378602.6827;4169075.406;ARGOUS - MYKINON;4102;24215;23530;47745;5.001189;7.736145;5.978814;29.070523;7.359933;9582.188937
173;174;417874.7879;4162962.655;EPIDAVROU;4103;4398;4312;8710;2.479711;4.854369;3.329473;52.111411;7.761194;8169.299538
174;175;430720.2153;4142197.825;ERMIONIDAS;4104;7514;6816;14330;5.572289;9.560117;6.767446;25.659879;14.780181;8996.95022
175;176;406860.2016;4185476.317;KORINTHION;4201;29289;29234;58523;3.447179;6.04074;4.36019;22.881027;10.527485;11896.61317
176;177;389176.8019;4196844.546;VELOU - VOCHAS;4202;8876;8375;17251;2.332423;3.774335;2.831226;45.304102;9.413947;9574.161074
177;178;414459.3018;4205210.28;LOUTRAKIOU - AGION THEODORON;4203;9933;10107;20040;5.635167;9.062281;6.856146;6.852248;9.631219;11940.52195
178;179;381179.2888;4187382.291;NEMEAS;4204;3773;3513;7286;0.734956;0.566343;0.673894;66.371681;10.156464;7689.421102
179;180;367443.0866;4210794.583;XYLOKASTROU - EVROSTINIS;4205;9161;9063;18224;2.877238;4.548789;3.491507;46.38916;7.753512;9600.666543
180;181;365066.3807;4197489.516;SIKYONION;4206;11724;11479;23203;2.135348;3.521127;2.645777;43.056592;7.249063;9188.499391
181;182;362373.2843;4108247.515;SPARTIS;4301;18436;18104;36540;2.201327;3.18915;2.573124;34.49692;6.779058;10769.10264
182;183;361352.1952;4059620.247;ANATOLIKIS MANIS;4302;7524;6784;14308;4.728341;6.00907;5.165409;39.820481;11.469108;9033.625889
183;184;406941.1244;4038331.533;ELAFONISOU;4303;390;356;746;7.428571;2.857143;6.122449;36.956522;8.847185;8778.104036
184;185;384703.9039;4087730.851;EVROTA;4304;10157;9162;19319;2.600141;2.831325;2.685308;67.480046;11.460221;7192.308026
185;186;408109.5687;4065070.455;MONEMVASIAS;4305;10994;10904;21898;4.448706;4.403101;4.43128;55.393008;7.827199;8127.118396
186;187;334178.1864;4107577.615;KALAMATAS;4401;34611;35395;70006;5.246914;7.162676;5.956961;10.481552;5.017;12338.16041
187;188;346861.6048;4085965.633;DYTIKIS MANIS;4402;3452;3206;6658;6.28707;6.507592;6.365031;55.569206;13.59267;7431.348413
188;189;312513.3808;4102759.543;MESSINIS;4403;13207;12652;25859;4.384432;5.253889;4.689755;51.205796;6.558645;7839.114314
189;190;317436.3175;4130683.2;OICHALIAS;4404;5952;5729;11681;2.503975;2.838221;2.602855;42.586207;7.208287;8012.720158
190;191;302049.3929;4087565.953;PYLOU - NESTOROS;4405;10851;10321;21172;4.413974;5.601375;4.833617;60.579377;9.441715;7128.254242
191;192;296615.0533;4120424.631;TRIFYLIAS;4406;15937;15253;31190;2.546668;2.761905;2.620229;49.669926;13.82815;9953.122462
192;193;476676.8701;4204338.253;ATHINAION;4501;374900;414266;789166;4.890244;6.640842;5.624998;0.515649;17.426785;14497.39354
193;194;480407.0012;4199965.945;VYRONOS;4502;31020;33641;64661;4.761905;7.877267;6.080016;0.463182;7.36147;13966.46441
194;195;478553.3073;4207692.704;GALATSIOU;4503;30643;32775;63418;3.688645;5.959929;4.621528;0.491463;5.509564;14465.66493
195;196;476996.0663;4200077.379;DAFNIS - YMITTOU;4504;17579;19225;36804;4.785302;6.600711;5.52713;0.367745;11.146436;13689.64894
196;197;481609.9311;4202738.015;ZOGRAFOU;4505;37917;43518;81435;3.571059;4.275941;3.888003;0.302285;8.205619;14776.12145
197;198;479645.4081;4197931.282;ILIOUPOLEOS;4506;39045;41979;81024;4.67469;7.664824;5.917458;0.425861;5.025733;14933.37738
198;199;481637.0386;4201132.155;KAISARIANIS;4507;12665;14528;27193;4.022562;4.797877;4.348947;0.278552;8.244769;13417.32821
199;200;476909.8633;4209991.686;FILADELFEIAS - CHALKIDONOS;4508;16994;18613;35607;4.012145;5.806349;4.738235;0.467575;8.043588;13782.75153
200;201;482797.521;4210691.062;AMAROUSIOU;4601;33519;38032;71551;3.300068;5.719907;4.380707;0.633389;5.664887;18932.91138
201;202;484634.6874;4206429.566;AGIAS PARASKEVIS;4602;28494;31571;60065;2.316733;3.858038;3.008167;0.517554;5.355954;19938.12926
202;203;485562.5194;4209895.957;VRILISSION;4603;12644;13923;26567;2.636793;5.494505;3.922883;0.497295;4.682677;22306.36886
203;204;479810.7717;4211313.436;IRAKLEIOU;4604;23576;24556;48132;3.854713;6.486486;4.943621;0.45586;4.805635;15546.21549
204;205;484590.289;4215337.602;KIFISIAS;4605;31339;35145;66484;3.599124;6.739886;4.94433;1.050271;9.058772;22713.81997
205;206;481275.9049;4212723.317;LYKOVRYSIS - PEVKIS;4606;14010;15310;29320;3.497064;5.790409;4.481024;0.781873;4.68281;18012.84653
206;207;479008.8967;4212873.135;METAMORFOSEOS;4607;13320;14202;27522;4.12783;7.133165;5.351646;0.883996;6.65286;14017.15822
207;208;478763.2558;4209693.061;NEAS IONIAS;4608;33558;35950;69508;4.187503;6.034765;4.928766;0.366845;8.611015;13399.83292
208;209;482792.7582;4204570.429;PAPAGOU - CHOLARGOU;4609;22220;25494;47714;2.983549;5.195791;4.004405;0.521431;5.155828;19957.23993
209;210;490360.7408;4211652.5;PENTELIS;4610;15078;15878;30956;3.794505;6.107249;4.781411;0.82332;8.331449;20040.30088
210;211;480180.6217;4207156.636;FILOTHEIS - PSYCHIKOU;4611;14066;16688;30754;3.43491;5.214008;4.256849;0.398047;8.184301;24573.89454
211;212;483381.6485;4208101.364;CHALANDRIOU;4612;35391;39936;75327;4.74345;7.88267;6.147813;0.716765;6.18246;18996.2013
212;213;472580.443;4207194.264;PERISTERIOU;4701;72391;74352;146743;4.540875;6.441301;5.234798;0.458925;7.056066;12433.88827
213;214;469729.3949;4204702.922;AGIAS VARVARAS;4702;15249;16105;31354;6.293706;9.455388;7.413793;0.283763;5.495312;11085.77227
214;215;474606.1577;4210857.733;AGION ANARGYRON - KAMATEROU;4703;28791;29453;58244;4.037445;5.84166;4.699718;0.613263;7.097849;12571.41912
215;216;471632.4804;4204488.865;AIGALEO;4704;38439;39478;77917;5.292914;8.835208;6.606146;0.551688;7.097387;12066.64926
216;217;474105.124;4209703.699;ILIOU;4705;42205;43367;85572;4.422944;7.701301;5.640914;0.451669;6.433254;12459.10637
217;218;471469.8446;4210471.338;PETROUPOLEOS;4706;25327;26232;51559;3.900302;7.354972;5.227775;0.448012;3.252711;13472.29011
218;219;467432.9112;4206636.273;CHAIDARIOU;4707;24538;23956;48494;4.083563;6.018519;4.818924;0.328626;3.736699;13704.54664
219;220;473531.6063;4200257.926;KALLITHEAS;4801;54137;61013;115150;5.138626;6.595012;5.753463;0.361087;8.201391;13027.38648
220;221;476160.1489;4198192.998;AGIOU DIMITRIOU;4802;33754;34965;68719;4.53857;7.95207;5.877712;0.474993;6.582164;13734.15286
221;222;475789.6949;4196129.58;ALIMOU;4803;18894;20906;39800;3.315304;5.347001;4.167878;0.309353;6.166604;16958.46242
222;223;479844.1682;4192498.663;GLYFADAS;4804;39780;43885;83665;3.663315;5.233325;4.318526;0.572086;7.97901;17935.64368
223;224;477982.2557;4194720.718;ELLINIKOU - ARGYROUPOLIS;4805;25080;26219;51299;4.460828;7.602843;5.745355;0.429726;5.75461;15089.91727
224;225;472503.4312;4201270.772;MOSCHATOU - TAVROU;4806;19431;20439;39870;4.666667;7.772727;5.865497;0.515624;7.740544;13509.902
225;226;474777.6387;4199269.873;NEAS SMYRNIS;4807;35473;41035;76508;3.466766;5.135281;4.202529;0.319103;6.705269;16619.00747
226;227;473672.854;4197764.131;PALAIOU FALIROU;4808;31042;36118;67160;4.071842;5.780781;4.797139;0.438809;8.803252;16035.15788
227;228;476904.0684;4221560.836;ACHARNON;4901;42168;40387;82555;5.383592;9.923536;6.918793;2.442077;7.109372;11532.81391
228;229;481399.2936;4186566.343;VARIS - VOULAS - VOULIAGMENIS;4902;20629;21498;42127;3.435469;6.020158;4.483216;1.514451;12.438579;19520.44116
229;230;486902.0661;4220729.278;DIONYSOU;4903;16511;15993;32504;2.643993;4.707641;3.40752;3.019678;13.518336;20617.69563
230;231;487012.5318;4192193.965;KROPIAS;4904;12621;11832;24453;4.005006;6.549842;4.835082;7.621111;13.038322;12282.96805
231;232;501116.1036;4176954.973;LAVREOTIKIS;4905;11162;11099;22261;7.219061;13.20827;9.118504;4.702739;6.801438;11458.78777
232;233;497524.2596;4224632.112;MARATHONOS;4906;12454;11520;23974;5.322295;8.860759;6.505265;15.073684;15.055692;11591.46425
233;234;497791.1868;4193271.127;MARKOPOULOU MESOGAIAS;4907;6799;6845;13644;3.383998;6.501548;4.497696;6.311523;9.830658;12800.67458
234;235;488326.7747;4200687.875;PAIANIAS;4908;9756;10011;19767;4.773631;8.185706;6.079738;5.838417;7.603582;14564.76827
235;236;489382.7945;4206707.097;PALLINIS;4909;16842;16769;33611;4.337924;8.12065;5.834153;1.169509;8.509372;15578.63786
236;237;496200.4256;4207838.304;RAFINAS - PIKERMIOU;4910;6816;6809;13625;3.338898;4.923903;3.946465;2.054305;13.387156;16607.3073
237;238;494583.161;4181739.202;SARONIKOU;4911;11731;11135;22866;3.794389;6.578947;4.729075;4.613297;13.233622;13089.82881
238;239;496356.7601;4201933.98;SPATON - ARTEMIDOS;4912;12848;12290;25138;6.4249;12.036274;8.343512;4.541261;14.364707;12144.68961
239;240;481063.16;4233760.362;OROPOU;4913;16023;13519;29542;4.417867;4.992826;4.589434;15.238266;13.960731;12059.23401
240;241;459051.2363;4214126.192;ELEVSINAS;5001;15248;14631;29879;5.075883;7.678926;5.958702;1.227819;7.101978;13481.76991
241;242;464733.6446;4216558.808;ASPROPYRGOU;5002;14619;13308;27927;5.708556;5.965997;5.786281;6.518078;12.38675;11324.65871
242;243;443910.1186;4221454.072;MANDRAS - EIDYLLIAS;5003;9254;9423;18677;3.97704;5.121171;4.33121;6.583814;7.206725;11755.16362
243;244;436191.7656;4208817.603;MEGAREON;5004;17422;16752;34174;3.862804;6.697777;4.679102;16.135987;8.723006;10213.3995
244;245;470922.9368;4218968.3;FYLIS;5005;19493;19644;39137;6.615532;11.115635;8.056316;1.056288;5.871832;10706.76557
245;246;468574.0341;4199691.401;PEIRAIOS;5101;87362;94571;181933;5.742561;7.68377;6.480184;0.491722;8.515141;13526.48684
246;247;466418.5592;4201598.253;KERATSINIOU - DRAPETSONAS;5102;44557;47252;91809;5.465849;8.660227;6.550318;0.762893;5.506176;11927.69381
247;248;468779.0044;4203908.508;KORYDALLOU;5103;35298;35412;70710;5.863192;9.388493;7.156274;0.349096;6.678547;12390.07628
248;249;469470.1381;4202533.595;NIKAIAS - AGIOU IOANNI RENTI;5104;54094;57126;111220;6.092967;9.197303;7.185884;0.364312;7.463988;11750.49109
249;250;463227.1028;4202953.355;PERAMATOS;5105;13352;13332;26684;5.599654;8.106396;6.384455;0.476543;5.757121;11067.58053
250;251;454085.8427;4198811.164;SALAMINOS;5201;17818;17157;34975;6.545226;9.175843;7.264762;5.284913;5.658489;10981.72046
251;252;449626.2498;4131555.696;YDRAS;5202;1298;1348;2646;6.092125;7.394366;6.478579;7.039106;12.962963;11245.356
252;253;441620.2553;4171877.053;AGKISTRIOU;5203;448;438;886;9.452736;11.320755;9.84252;3.930131;11.399549;9532.880665
253;254;454094.8409;4176476.883;AIGINAS;5204;6383;6333;12716;9.277031;14.453412;10.848741;9.045477;7.974206;9532.880665
254;255;410467.7995;4008720.325;KYTHIRON;5205;1812;1759;3571;7.166483;8.139535;7.479432;19.320938;13.889667;11610.35747
255;256;453684.219;4148424.031;POROU;5206;2381;1901;4282;11.890505;12.162162;11.965282;10.352113;7.730033;9296.633841
256;257;428507.96;4118294.779;SPETSON;5207;1845;1935;3780;6.084396;5.585106;5.949821;6.478659;11.746032;9269.2439
257;258;440740.0029;4153915.959;TROIZINIAS;5208;4336;3902;8238;2.525033;3.255814;2.758007;53.857884;11.762564;9316.761604
258;259;693592.9839;4337727.396;LESVOU;5301;46011;44425;90436;4.445903;6.354578;5.081193;29.294261;4.899598;11387.17205
259;260;689808.2582;4162918.588;IKARIAS;5401;4280;4074;8354;5.658324;8.076514;6.47715;29.819161;4.429016;9832.88178
260;261;719796.896;4162851.531;FOURNON KORSEON;5402;752;735;1487;14.079422;5.813953;12.121212;18.808777;1.143241;9107.992058
261;262;604693.9011;4418679.416;LIMNOU;5501;9799;7746;17545;4.557385;6.592113;5.144312;20.368713;3.938444;10122.84899
262;263;586374.1086;4374376.432;AGIOU EVSTRATIOU;5502;172;135;307;1.298701;2.777778;1.769912;44.144144;2.605863;7725.916147
263;264;747589.5266;4179682.009;SAMOU;5601;17854;16146;34000;4.110802;7.544379;5.275038;16.574001;5.361922;11308.20587
264;265;675929.3213;4252023.411;CHIOU;5701;26442;25331;51773;5.912502;6.305624;6.0406;11.452587;4.438607;11786.19731
265;266;695052.0138;4265523.766;OINOUSSON;5702;455;400;855;24.867725;5.882353;7;13.157895;4.210526;11645.23074
266;267;637069.007;4269924.614;PSARON;5703;236;242;478;6.976744;15.789474;8.571429;14.583333;7.531381;9669.141958
267;268;577572.9782;4146487.656;SYROU - ERMOUPOLIS;5801;9742;10051;19793;4.833534;8.970874;6.242561;4.161377;2.763603;12864.63848
268;269;574498.4139;4190085.498;ANDROU;5901;4806;4479;9285;6.627963;9.543568;7.555262;18.308351;10.188476;10136.63514
269;270;627237.5385;4028936.074;THIRAS;6001;7092;6633;13725;8.323073;18.700475;11.622439;5.720258;14.937336;11524.86643
270;271;659987.8323;4025276.546;ANAFIS;6002;135;137;272;1.369863;2.941176;1.869159;43.809524;1.102941;9062.404166
271;272;618332.1043;4064536.428;IITON;6003;982;880;1862;4.020979;11.5;5.958549;17.768595;9.291085;9373.082883
272;273;599675.6973;4059438.097;SIKINOU;6004;118;120;238;0;4.545455;1.333333;27.027027;1.680672;7566.666874
273;274;580460.093;4053701.559;FOLEGANDROU;6005;361;315;676;3.723404;7.246377;4.669261;31.428571;4.733728;9215.517837
274;275;766084.2464;4097334.771;KALYMNION;6101;8271;8305;16576;10.518214;11.95572;10.889016;15.295877;7.830598;9167.76417
275;276;762387.857;4149989.46;AGATHONISIOU;6102;92;60;152;12.765957;10;12.280702;56;9.210526;5421.733909
276;277;712852.8;4046679.533;ASTYPALAIAS;6103;713;672;1385;2.608696;4.918033;3.211991;19.911504;4.765343;11184.92153
277;278;743770.3501;4131533.431;LEIPSON;6104;346;341;687;6.321839;10.638298;7.239819;20;4.221252;5421.733909
278;279;745206.9261;4112586.502;LEROU;6105;4284;3888;8172;3.820961;5.522088;4.420085;7.658158;3.132648;12235.92235
279;280;729978.1813;4135731.096;PATMOU;6106;1532;1521;3053;9.921962;19.891008;12.816456;11.524501;5.142483;9166.012535
280;281;785721.5032;3945491.314;KARPATHOU;6201;3335;3230;6565;9.130707;20.872274;12.494422;14.63539;14.470678;8595.080677
281;282;764886.7566;3920327.908;KASOU;6202;517;496;1013;11.170213;15.873016;12.350598;25.454545;9.575518;8647.091748
282;283;526876.6582;4163958.532;KEAS;6301;1153;1009;2162;0.151515;2.222222;0.677966;26.279863;20.259019;11273.3675
283;284;536776.278;4138163.698;KYTHNOU;6302;793;745;1538;3.266332;4.615385;3.709949;37.478109;3.185956;10105.42611
284;285;779385.2992;4079028.812;KO;6401;16636;14192;30828;7.957379;16.447368;11.034832;4.719357;11.019203;11774.02956
285;286;781864.4791;4054007.812;NISYROU;6402;484;444;928;15.584416;30.337079;19.6875;5.836576;6.573276;10000.0154
286;287;537743.204;4062356.343;MILOU;6501;2429;2307;4736;2.549801;10.128913;4.83871;5.552309;6.504752;12157.02224
287;288;551995.2536;4071941.173;KIMOLOU;6502;431;407;838;2.290076;1.851852;2.162162;16.574586;0.357995;10928.18866
288;289;542866.5516;4112791.061;SERIFOU;6503;681;581;1262;3.333333;5;3.809524;13.366337;4.912837;10381.57632
289;290;562413.1744;4091552.943;SIFNOU;6504;1347;1227;2574;2.798233;4.669261;3.311966;16.464088;5.633256;10584.59118
290;291;619778.0359;4144897.406;MYKONOU;6601;4963;4311;9274;3.007762;9.956395;5.147717;4.341671;24.533592;13106.51712
291;292;668913.9715;4079153.345;AMORGOU;6701;989;863;1852;5.744681;8.074534;6.339144;26.903553;9.557235;9479.281342
292;293;633332.9396;4100343.012;NAXOU KAI MIKRON KYKLADON;6702;9528;8701;18229;6.121106;10.752688;7.600418;23.594053;7.323496;10360.87907
293;294;605834.9315;4101826.671;PAROU;6801;6438;6076;12514;4.223711;12.958435;7.042809;12.075552;14.097339;10528.1431
294;295;592541.5276;4094236.675;ANTIPAROU;6802;533;478;1011;4.4;9.615385;5.932203;28.228228;6.726014;9025.079789
295;296;855314.0686;4011382.108;RODOU;6901;59712;55622;115334;12.181726;20.995395;15.389431;4.961814;9.170128;12302.95495
296;297;1001577.713;4014035.346;MEGISTIS;6902;270;133;403;2.013423;14.285714;3.529412;2.439024;6.451613;9412.224138
297;298;842932.347;4056547.9;SYMIS;6903;1402;1192;2594;12.338858;17.674419;13.852243;9.341501;7.67155;9593.545145
298;299;801313.6861;4036585.347;TILOU;6904;295;226;521;8.695652;9.210526;8.846154;12.236287;13.819578;9261.601516
299;300;824000.9913;4016217.423;CHALKIS;6905;165;130;295;1.265823;4.166667;1.941748;31.683168;17.966102;8888.138597
300;301;599819.3488;4162201.252;TINOU;7001;4024;4091;8115;4.123711;10.214505;6.100796;12.782486;5.853358;10143.64942
301;302;599279.523;3900401.022;IRAKLEIOU;7101;81067;82048;163115;5.047587;8.832661;6.557167;7.477305;4.048727;12479.91195
302;303;606783.7975;3883043.291;ARCHANON - ASTEROUSION;7102;8938;8593;17531;1.811208;2.327273;2.001881;54.140389;3.513776;8080.973395
303;304;629865.6276;3878698.659;VIANNOU;7103;3009;2974;5983;6.176266;9.956236;7.643312;65.793103;7.18703;7416.650771
304;305;591767.8725;3878950.45;GORTYNAS;7104;8868;8555;17423;4.127411;5.056634;4.458874;62.739767;3.856971;7264.695448
305;306;588773.0787;3907833.862;MALEVIZIOU;7105;10499;10236;20735;6.413177;12.676056;8.724016;25.19685;4.195804;10508.36874
306;307;618039.1456;3888713.226;MINOA PEDIADAS;7106;9578;9114;18692;3.534518;4.347826;3.833072;51.843287;4.976455;8427.782051
307;308;575963.9448;3879452.094;FAISTOU;7107;12036;11846;23882;3.775763;5.600901;4.44999;47.181719;6.25157;9011.115786
308;309;622004.4926;3905268.342;CHERSONISOU;7108;12380;11484;23864;11.008326;17.430673;13.273453;16.006904;13.828361;10616.65594
309;310;648457.783;3898468.002;AGIOU NIKOLAOU;7201;12978;13091;26069;7.345065;14.028285;10.028391;11.268322;8.46983;12393.12758
310;311;661879.7382;3881098.105;IERAPETRAS;7202;14169;13575;27744;4.714769;7.463809;5.839809;44.98284;11.988178;10033.98085
311;312;634297.3718;3891772.274;OROPEDIOU LASITHIOU;7203;1542;1525;3067;2.163062;3.225806;2.569373;47.257384;1.923704;8457.863978
312;313;693549.936;3890352.024;SITEIAS;7204;9552;9304;18856;5.140785;8.539648;6.408027;37.721555;6.310989;10867.97604
313;314;544158.6611;3907814.261;RETHYMNIS;7301;23281;23991;47272;6.139852;13.017751;8.836888;11.545543;9.663226;13184.75781
314;315;546519.9983;3893142.495;AGIOU VASILEIOU;7302;4444;4204;8648;4.517134;8.283433;5.806011;38.57868;7.400555;8924.440205
315;316;561904.9222;3896394.313;AMARIOU;7303;2903;2730;5633;3.232607;3.727506;3.407542;53.339605;2.148056;8208.923846
316;317;579081.6291;3899990.28;ANOGEION;7304;2031;2023;4054;5.995935;7.333333;6.415621;56.706408;1.307351;7760.382903
317;318;570556.0225;3910952.682;MYLOPOTAMOU;7305;6898;6452;13350;2.905639;6.22093;4.003079;45.10826;6.982319;9470.432432
318;319;504851.0389;3925653.891;CHANION;7401;50148;48054;98202;5.102598;9.29851;6.666993;5.725071;7.916497;11612.22968
319;320;517480.1875;3913751.485;APOKORONOU;7402;6120;5992;12112;4.325613;12.36413;7.009982;35.838009;8.900264;8787.677923
320;321;507562.9646;3855767.657;GAVDOU;7403;49;32;81;0;0;0.35;51.351351;9.876543;8498.080328
321;322;475420.5821;3905917.949;KANTANOU - SELINOU;7404;3271;3031;6302;2.3125;2.234637;2.284569;61.525841;14.680209;7989.958401
322;323;465887.9907;3920086.947;KISSAMOU;7405;5925;5545;11470;4.847458;5.894591;5.191257;45.701249;7.916303;8750.030129
323;324;484468.9696;3924050.753;PLATANIA;7406;9217;8647;17864;4.437401;8.586262;5.938448;51.305684;8.889386;8120.027122
324;325;508083.9048;3901847.18;SFAKION;7407;1288;1131;2419;1.920439;2.839117;2.198853;63.929619;4.960728;6602.391386
